{"cameraMode":{"drawMode":0,"name":"Shaded","section":"Shading Mode"},"sceneLighting":false,"audioPlay":false,"sceneViewState":{"showFog":true,"showMaterialUpdate":true,"showSkybox":false,"showFlares":true,"showImageEffects":true,"showParticleSystems":true},"in2DMode":false,"pivot":{"x":-0.7252141237258911,"y":7.004512310028076,"z":-0.007990360260009766},"rotation":{"x":0.3198626637458801,"y":-0.31945931911468508,"z":0.09684430062770844,"w":0.8867101073265076},"size":31.74693489074707,"orthographic":true}