{"cameraMode":{"drawMode":0,"name":"Shaded","section":"Shading Mode"},"sceneLighting":true,"audioPlay":false,"sceneViewState":{"showFog":true,"showMaterialUpdate":true,"showSkybox":true,"showFlares":true,"showImageEffects":true,"showParticleSystems":true},"in2DMode":false,"pivot":{"x":83.01549530029297,"y":25.45037841796875,"z":86.61314392089844},"rotation":{"x":0.352425217628479,"y":-0.16248725354671479,"z":0.06227092072367668,"w":0.91951984167099},"size":14.172282218933106,"orthographic":true}