{"cameraMode":{"drawMode":0,"name":"Shaded","section":"Shading Mode"},"sceneLighting":false,"audioPlay":false,"sceneViewState":{"showFog":true,"showMaterialUpdate":true,"showSkybox":false,"showFlares":true,"showImageEffects":true,"showParticleSystems":true},"in2DMode":false,"pivot":{"x":-3.5999999046325685,"y":0.0,"z":45.400001525878909},"rotation":{"x":0.3599315285682678,"y":-0.20545357465744019,"z":0.08158520609140396,"w":0.9064116477966309},"size":9.376469612121582,"orthographic":true}