{"cameraMode":{"drawMode":0,"name":"Shaded","section":"Shading Mode"},"sceneLighting":false,"audioPlay":false,"sceneViewState":{"showFog":true,"showMaterialUpdate":true,"showSkybox":false,"showFlares":true,"showImageEffects":true,"showParticleSystems":true},"in2DMode":false,"pivot":{"x":0.42963433265686037,"y":7.3712921142578129,"z":0.19244229793548585},"rotation":{"x":0.3198626637458801,"y":-0.31945931911468508,"z":0.09684430062770844,"w":0.8867101073265076},"size":24.617801666259767,"orthographic":true}