{"cameraMode":{"drawMode":0,"name":"Shaded","section":"Shading Mode"},"sceneLighting":true,"audioPlay":false,"sceneViewState":{"showFog":true,"showMaterialUpdate":true,"showSkybox":true,"showFlares":true,"showImageEffects":true,"showParticleSystems":true},"in2DMode":false,"pivot":{"x":29.563322067260743,"y":10.698344230651856,"z":28.87377166748047},"rotation":{"x":0.24555981159210206,"y":-0.16410671174526215,"z":0.025116747245192529,"w":0.9550594687461853},"size":13.564898490905762,"orthographic":true}