{"cameraMode":{"drawMode":0,"name":"Shaded","section":"Shading Mode"},"sceneLighting":true,"audioPlay":false,"sceneViewState":{"showFog":true,"showMaterialUpdate":true,"showSkybox":true,"showFlares":true,"showImageEffects":true,"showParticleSystems":true},"in2DMode":false,"pivot":{"x":91.73335266113281,"y":24.359704971313478,"z":134.28305053710938},"rotation":{"x":0.29632216691970827,"y":-0.23875845968723298,"z":0.07675814628601074,"w":0.9215725064277649},"size":17.592266082763673,"orthographic":true}