{"cameraMode":{"drawMode":0,"name":"Shaded","section":"Shading Mode"},"sceneLighting":true,"audioPlay":false,"sceneViewState":{"showFog":true,"showMaterialUpdate":true,"showSkybox":true,"showFlares":true,"showImageEffects":true,"showParticleSystems":true},"in2DMode":false,"pivot":{"x":41.89399337768555,"y":1.023465633392334,"z":44.39991760253906},"rotation":{"x":0.24555981159210206,"y":-0.16410671174526215,"z":0.025116747245192529,"w":0.9550594687461853},"size":4.417844295501709,"orthographic":true}