{"cameraMode":{"drawMode":0,"name":"Shaded","section":"Shading Mode"},"sceneLighting":false,"audioPlay":false,"sceneViewState":{"showFog":true,"showMaterialUpdate":true,"showSkybox":false,"showFlares":true,"showImageEffects":true,"showParticleSystems":true},"in2DMode":false,"pivot":{"x":-1.1736984252929688,"y":0.6008946299552918,"z":0.8714483380317688},"rotation":{"x":0.38856855034828188,"y":-0.2660328447818756,"z":0.0993211567401886,"w":0.8765708208084106},"size":5.362851142883301,"orthographic":true}