{"cameraMode":{"drawMode":0,"name":"Shaded","section":"Shading Mode"},"sceneLighting":true,"audioPlay":false,"sceneViewState":{"showFog":true,"showMaterialUpdate":true,"showSkybox":false,"showFlares":true,"showImageEffects":true,"showParticleSystems":true},"in2DMode":false,"pivot":{"x":-3.5899267196655275,"y":5.966305732727051,"z":44.344581604003909},"rotation":{"x":0.5290982723236084,"y":-0.26034417748451235,"z":0.17469127476215363,"w":0.7885168790817261},"size":3.697693109512329,"orthographic":true}