{"cameraMode":{"drawMode":0,"name":"Shaded","section":"Shading Mode"},"sceneLighting":true,"audioPlay":false,"sceneViewState":{"showFog":true,"showMaterialUpdate":true,"showSkybox":true,"showFlares":true,"showImageEffects":true,"showParticleSystems":true},"in2DMode":false,"pivot":{"x":584.9866943359375,"y":289.3435363769531,"z":87.22480773925781},"rotation":{"x":0.22018951177597047,"y":-0.010437189601361752,"z":-0.01436677761375904,"w":0.9752955436706543},"size":449.8442077636719,"orthographic":true}