{"cameraMode":{"drawMode":0,"name":"Shaded","section":"Shading Mode"},"sceneLighting":true,"audioPlay":false,"sceneViewState":{"showFog":true,"showMaterialUpdate":true,"showSkybox":true,"showFlares":true,"showImageEffects":true,"showParticleSystems":true},"in2DMode":false,"pivot":{"x":296.3426818847656,"y":65.49290466308594,"z":-15.963650703430176},"rotation":{"x":0.1745861917734146,"y":0.01240643672645092,"z":-0.0021992225665599109,"w":0.9845612645149231},"size":702.8738403320313,"orthographic":true}