{"cameraMode":{"drawMode":0,"name":"Shaded","section":"Shading Mode"},"sceneLighting":false,"audioPlay":false,"sceneViewState":{"showFog":true,"showMaterialUpdate":true,"showSkybox":false,"showFlares":true,"showImageEffects":true,"showParticleSystems":true},"in2DMode":false,"pivot":{"x":7.449999809265137,"y":15.0,"z":-15.600000381469727},"rotation":{"x":0.24555981159210206,"y":-0.16410671174526215,"z":0.025116747245192529,"w":0.9550594687461853},"size":9.77823543548584,"orthographic":true}