{"cameraMode":{"drawMode":0,"name":"Shaded","section":"Shading Mode"},"sceneLighting":false,"audioPlay":false,"sceneViewState":{"showFog":true,"showMaterialUpdate":true,"showSkybox":false,"showFlares":true,"showImageEffects":true,"showParticleSystems":true},"in2DMode":false,"pivot":{"x":-0.08435040712356568,"y":0.03143349662423134,"z":0.7228323221206665},"rotation":{"x":0.25490784645080569,"y":-0.18522092700004579,"z":0.0325821228325367,"w":0.9485008120536804},"size":1.3477543592453004,"orthographic":true}