{"cameraMode":{"drawMode":0,"name":"Shaded","section":"Shading Mode"},"sceneLighting":true,"audioPlay":false,"sceneViewState":{"showFog":true,"showMaterialUpdate":true,"showSkybox":true,"showFlares":true,"showImageEffects":true,"showParticleSystems":true},"in2DMode":false,"pivot":{"x":498.9202880859375,"y":304.8768310546875,"z":87.84664154052735},"rotation":{"x":0.22018951177597047,"y":-0.010437189601361752,"z":-0.01436677761375904,"w":0.9752955436706543},"size":821.624267578125,"orthographic":true}