{"cameraMode":{"drawMode":0,"name":"Shaded","section":"Shading Mode"},"sceneLighting":true,"audioPlay":false,"sceneViewState":{"showFog":true,"showMaterialUpdate":true,"showSkybox":true,"showFlares":true,"showImageEffects":true,"showParticleSystems":true},"in2DMode":false,"pivot":{"x":24.353368759155275,"y":12.746638298034668,"z":36.35321807861328},"rotation":{"x":0.36317044496536257,"y":-0.2582189440727234,"z":0.08694498240947724,"w":0.8909943103790283},"size":19.321252822875978,"orthographic":true}