{"cameraMode":{"drawMode":0,"name":"Shaded","section":"Shading Mode"},"sceneLighting":true,"audioPlay":false,"sceneViewState":{"showFog":true,"showMaterialUpdate":true,"showSkybox":true,"showFlares":true,"showImageEffects":true,"showParticleSystems":true},"in2DMode":false,"pivot":{"x":0.33617162704467776,"y":0.22343730926513673,"z":33.97265625},"rotation":{"x":0.30214259028434756,"y":-0.22811052203178407,"z":0.07470902800559998,"w":0.9225475788116455},"size":10.714384078979493,"orthographic":true}